<?xml version="1.0" encoding="UTF-8"?>
<beans xmlns="http://www.springframework.org/schema/beans"
	xmlns:xsi="http://www.w3.org/2001/XMLSchema-instance"
	xsi:schemaLocation="
        http://www.springframework.org/schema/beans http://www.springframework.org/schema/beans/spring-beans.xsd">

	<!-- bean definitions here -->
	<bean id="dev" class="com.cg.springcore.beans.DepartmentBean" primary="true">
		<property name="deptId" value="901" />
		<property name="deptName" value="Developement" />
	</bean>
	<bean id="test" class="com.cg.springcore.beans.DepartmentBean">
		<property name="deptId" value="902" />
		<property name="deptName" value="Testing" />
	</bean>

</beans>
