<?xml version="1.0" encoding="UTF-8"?>
<beans xmlns="http://www.springframework.org/schema/beans"
	xmlns:xsi="http://www.w3.org/2001/XMLSchema-instance"
	xsi:schemaLocation="
        http://www.springframework.org/schema/beans http://www.springframework.org/schema/beans/spring-beans.xsd">

    
	<bean id="medicine"
		class="com.cg.springcore.annotatio.bean.Medicine">
		<property name="name" value="Crocin"></property>
		<property name="type" value="Allopathic"></property>
		<property name="price" value="20.67"></property>
		
	    <!--Configuration for list  -->
		<!-- <property name="drugs">
			<list>
				<value>abc</value>
				<value>jdhd</value>
				<value>djdk</value>
			</list>
		</property> -->
		
		<!-- Configuration for Set -->
		<property name="drugsSet">
		<set>
		<value>hkjnj</value>
		<value>jhflhkjl</value>
		<value>lkgyggv</value>
		</set>
		</property>
	</bean>


</beans>
