<beans xmlns="http://www.springframework.org/schema/beans"
	xmlns:xsi="http://www.w3.org/2001/XMLSchema-instance"
	xsi:schemaLocation="
        http://www.springframework.org/schema/beans http://www.springframework.org/schema/beans/spring-beans.xsd">

	<!-- bean definitions here -->
	<bean id="mobile" class="com.cg.springcore.beans.MobileBean" >
	<property name="brandName" value="Vivo"/>
	<property name="modelName" value="Vivo 1901" />
	<property name="price" value="12500" />
	<property name="displayBean" ref="displayBean" />
	</bean>
	
	<!--Using byName autowiring-->
	 <bean id="mobile1" class="com.cg.springcore.beans.MobileBean" autowire="byName">
	<property name="brandName" value="Oppo"/>
	<property name="modelName" value="Oppo 1902" />
	<property name="price" value="12500" />
	</bean>
	
	<!--//using byType autowiring -->
	<bean id="mobile2" class="com.cg.springcore.beans.MobileBean" autowire="byType">
	<property name="brandName" value="samsung"/>
	<property name="modelName" value="Sam 1903" />
	<property name="price" value="12500" />
	</bean>
	
	<bean id="displayBean" class="com.cg.springcore.beans.MobileDisplayBean" >
	<property name="displaysize" value="6.5"/>
	<property name="resolution" value="2340x1080" />
	</bean> 
	
	
	
	
</beans>
