<?xml version="1.0" encoding="UTF-8"?>
<beans xmlns="http://www.springframework.org/schema/beans"
	xmlns:xsi="http://www.w3.org/2001/XMLSchema-instance"
	xsi:schemaLocation="
        http://www.springframework.org/schema/beans http://www.springframework.org/schema/beans/spring-beans.xsd">

	<bean id="sports" class="com.cg.springcore.annotatio.bean.Sports">
	<property name="name" value ="cricket"></property>
	<property name="totalPlayers" value="11"></property>
	<property name="teamInfo">
	<map>
	<entry key="India" value="Virat Kohli"></entry>
	<entry key="Pakistan" value="SarfaraZ"></entry>
	<entry key="Shrilanka" value="Malinga"></entry>
	<entry key="Australia" value="Arron Finch"></entry>
	
	</map>
	</property>

	</bean>

</beans>
